ILL,sample,umi_underspike,umi_overspike,umi_over_pctg,total_reads,sample_type,cut,check1_total_reads,check2_umi_overspike,check3_pct_overspike,checks_passed,is_empty
130,NTC-G10,18299,0,0.0,1648244,NTC,True,False,False,False,0,True
130,NTC-G5,27334,0,0.0,1910630,NTC,True,True,False,False,1,True
130,NTC-H10,19198,0,0.0,502449,NTC,False,False,False,False,0,True
130,NTC-H5,48132,0,0.0,4123337,NTC,True,True,False,False,1,True
130,WATER-A2,20728,0,0.0,1033027,WATER,False,False,False,False,0,True
130,WATER-A7,23428,0,0.0,1065249,WATER,False,False,False,False,0,True
130,s1-A1,25783,0,0.0,1495451,sample,True,False,False,False,0,True
130,s1-A6,26931,0,0.0,1510862,sample,True,False,False,False,0,True
130,s11-F1,63660,25,0.0003925571170605323,7617417,sample,True,True,False,False,1,True
130,s11-F6,56735,0,0.0,7499617,sample,True,True,False,False,1,True
130,s13-G1,12417,3,0.00024154589371980676,27167,sample,False,False,False,False,0,True
130,s13-G6,42487,1,2.3536057239691207e-05,7222161,sample,True,True,False,False,1,True
130,s17-H1,83345,7674,0.08431206671134599,8895508,sample,True,True,True,True,3,False
130,s17-H6,84360,7184,0.07847592414576597,10050507,sample,True,True,True,True,3,False
130,s19-B2,69507,12695,0.1544366317121238,10318553,sample,True,True,True,True,3,False
130,s19-B7,94252,12659,0.11840689919652796,12467163,sample,True,True,True,True,3,False
130,s21-C2,7863,470,0.05640225609024361,570560,sample,False,False,True,True,2,False
130,s21-C7,7756,0,0.0,406157,sample,False,False,False,False,0,True
130,s23-D2,15840,0,0.0,356484,sample,False,False,False,False,0,True
130,s23-D7,14151,0,0.0,330330,sample,False,False,False,False,0,True
130,s25-E2,71904,1227,0.01677811051400911,8313489,sample,True,True,True,True,3,False
130,s25-E7,91226,4316,0.045173850243871806,9792176,sample,True,True,True,True,3,False
130,s27-F2,14539,8,0.0005499415687083248,1615406,sample,True,False,False,False,0,True
130,s27-F7,16585,14,0.0008434243026688355,1564435,sample,True,False,False,False,0,True
130,s29-G2,22993,0,0.0,1637017,sample,True,False,False,False,0,True
130,s29-G7,20327,0,0.0,1671633,sample,True,False,False,False,0,True
130,s3-B1,60777,0,0.0,5615507,sample,True,True,False,False,1,True
130,s3-B6,56976,0,0.0,5639928,sample,True,True,False,False,1,True
130,s33-H2,58852,204,0.003454348415063668,7768127,sample,True,True,False,True,2,False
130,s33-H7,80155,101,0.0012584728867623604,9560326,sample,True,True,False,False,1,True
130,s35-A3,83266,3352,0.038698653859474935,12922723,sample,True,True,True,True,3,False
130,s35-A8,86314,3417,0.03808048500518216,12632669,sample,True,True,True,True,3,False
130,s37-C3,17631,0,0.0,1907017,sample,True,True,False,False,1,True
130,s37-C8,17486,0,0.0,1845056,sample,True,True,False,False,1,True
130,s39-D3,19852,0,0.0,980428,sample,False,False,False,False,0,True
130,s39-D8,20942,0,0.0,827396,sample,False,False,False,False,0,True
130,s41-E3,43746,0,0.0,4443184,sample,True,True,False,False,1,True
130,s41-E8,49645,1,2.0142609676509688e-05,5057328,sample,True,True,False,False,1,True
130,s43-F3,18059,0,0.0,1484381,sample,True,False,False,False,0,True
130,s43-F8,19402,0,0.0,1757944,sample,True,True,False,False,1,True
130,s45-G3,66165,63,0.0009512592861025548,9192216,sample,True,True,False,False,1,True
130,s45-G8,61011,15,0.0002457968734637695,7937616,sample,True,True,False,False,1,True
130,s49-H3,83148,8701,0.09473157029472286,9804891,sample,True,True,True,True,3,False
130,s49-H8,83966,9076,0.09754734421014166,9414974,sample,True,True,True,True,3,False
130,s5-C1,20113,0,0.0,2062269,sample,True,True,False,False,1,True
130,s5-C6,16527,0,0.0,1401055,sample,False,False,False,False,0,True
130,s51-A4,94826,11576,0.10879494746339355,12711395,sample,True,True,True,True,3,False
130,s51-A9,97114,11483,0.1057395692330359,11475402,sample,True,True,True,True,3,False
130,s53-B4,26135,2,7.651987603780082e-05,1025767,sample,False,False,False,False,0,True
130,s53-B9,25282,0,0.0,1005998,sample,False,False,False,False,0,True
130,s55-C4,10918,0,0.0,475909,sample,False,False,False,False,0,True
130,s55-C9,10618,0,0.0,481768,sample,False,False,False,False,0,True
130,s57-D4,84590,135,0.0015933903806432577,10187636,sample,True,True,False,False,1,True
130,s57-D9,92327,8,8.664103536037256e-05,8710027,sample,True,True,False,False,1,True
130,s59-E4,16356,65,0.003958346020339809,886470,sample,False,False,False,True,1,True
130,s59-E9,15743,3,0.00019052457767051949,768923,sample,False,False,False,False,0,True
130,s61-F4,20127,0,0.0,1687003,sample,True,True,False,False,1,True
130,s61-F9,19533,0,0.0,1524010,sample,True,False,False,False,0,True
130,s65-G4,87089,8065,0.08475734073186623,13366160,sample,True,True,True,True,3,False
130,s65-G9,93999,7462,0.07354550024147209,11276077,sample,True,True,True,True,3,False
130,s67-H4,85918,9148,0.0962278837860013,10511796,sample,True,True,True,True,3,False
130,s67-H9,76497,12160,0.1371578104379801,8543815,sample,True,True,True,True,3,False
130,s69-B10,21135,0,0.0,1200280,sample,False,False,False,False,0,True
130,s69-B5,24054,0,0.0,1041957,sample,False,False,False,False,0,True
130,s7-D1,56516,0,0.0,5801038,sample,True,True,False,False,1,True
130,s7-D6,27896,0,0.0,2652292,sample,True,True,False,False,1,True
130,s71-C10,28092,0,0.0,3497960,sample,True,True,False,False,1,True
130,s71-C5,27238,0,0.0,3062785,sample,True,True,False,False,1,True
130,s73-D10,49685,618,0.012285549569608175,7964255,sample,True,True,True,True,3,False
130,s73-D5,95805,174,0.0018128965711249336,10183640,sample,True,True,False,False,1,True
130,s75-E10,11945,0,0.0,560217,sample,False,False,False,False,0,True
130,s75-E5,13658,3,0.0002196032501281019,470182,sample,False,False,False,False,0,True
130,s77-F10,13384,0,0.0,1246848,sample,False,False,False,False,0,True
130,s77-F5,14800,0,0.0,1180271,sample,False,False,False,False,0,True
130,s81-B3,117857,2195,0.01828374371105854,11082249,sample,True,True,True,True,3,False
130,s81-B8,122924,714,0.005774923567188082,10643349,sample,True,True,True,True,3,False
130,s82-A10,121798,2841,0.022793828576930176,10790771,sample,True,True,True,True,3,False
130,s82-A5,133891,3265,0.023805010353174488,11713155,sample,True,True,True,True,3,False
130,s9-E1,13071,0,0.0,665105,sample,False,False,False,False,0,True
130,s9-E6,14481,0,0.0,702654,sample,False,False,False,False,0,True
132,A1,176229,35596,0.16804437625398325,6661082,sample,True,True,True,True,3,False
132,A10,10583,2,0.0001889466225791214,784029,sample,False,False,False,False,0,True
132,A11,207035,11334,0.05190297157563573,7427832,sample,True,True,True,True,3,False
132,A12,183219,2255,0.012158038323430778,5500518,sample,True,True,True,True,3,False
132,A2,181523,36213,0.1663160892089503,6785691,sample,True,True,True,True,3,False
132,A3,169468,32442,0.16067554851171315,5967483,sample,True,True,True,True,3,False
132,A4,9917,2,0.00020163322915616494,540629,sample,False,False,False,False,0,True
132,A5,176319,11639,0.06192340842103023,5341898,sample,True,True,True,True,3,False
132,A6,214807,1315,0.0060845263323493215,6654937,sample,True,True,True,True,3,False
132,A7,176228,18816,0.0964705399807223,6506819,sample,True,True,True,True,3,False
132,A8,205854,10284,0.04758071232268273,6977555,sample,True,True,True,True,3,False
132,A9,208964,21747,0.09426078513811652,7443197,sample,True,True,True,True,3,False
132,B1,149286,30702,0.1705780385359024,5605517,sample,True,True,True,True,3,False
132,B10,9943,2,0.00020110608345902463,691500,sample,False,False,False,False,0,True
132,B11,140748,11471,0.07535852948712053,4441890,sample,True,True,True,True,3,False
132,B12,137853,35464,0.2046192814322888,5578266,sample,True,True,True,True,3,False
132,B2,157431,35627,0.18454039718633777,6357596,sample,True,True,True,True,3,False
132,B3,159603,24827,0.13461475898714959,5766684,sample,True,True,True,True,3,False
132,B4,8809,2,0.00022698899103393486,490551,sample,False,False,False,False,0,True
132,B5,182508,7677,0.04036595946052528,6145180,sample,True,True,True,True,3,False
132,B6,144985,30172,0.17225688953339005,5280929,sample,True,True,True,True,3,False
132,B7,138344,20541,0.12928218522830978,5125487,sample,True,True,True,True,3,False
132,B8,143829,28391,0.1648530948786436,5092334,sample,True,True,True,True,3,False
132,B9,171154,20829,0.1084939812379221,6272167,sample,True,True,True,True,3,False
132,C1,179582,25931,0.12617693284609732,6516128,sample,True,True,True,True,3,False
132,C10,10131,2,0.0001973749136484753,713605,sample,False,False,False,False,0,True
132,C11,178653,11104,0.05851694535642954,6620951,sample,True,True,True,True,3,False
132,C12,180651,1194,0.006566031510352223,6179801,sample,True,True,True,True,3,False
132,C2,179873,31598,0.14942001503752286,7236465,sample,True,True,True,True,3,False
132,C3,180145,16261,0.08279278637108846,6873061,sample,True,True,True,True,3,False
132,C4,10064,2,0.00019868865487780648,577619,sample,False,False,False,False,0,True
132,C5,197756,4718,0.023301757262660885,6655625,sample,True,True,True,True,3,False
132,C6,201872,845,0.004168372657448561,6330621,sample,True,True,True,True,3,False
132,C7,160620,17835,0.09994116163738757,6239118,sample,True,True,True,True,3,False
132,C8,181226,15155,0.07717141678675636,6151468,sample,True,True,True,True,3,False
132,C9,191385,17797,0.0850790220955914,6997949,sample,True,True,True,True,3,False
132,D1,164718,36780,0.18253282910996635,6663951,sample,True,True,True,True,3,False
132,D10,10072,2,0.0001985308715505261,723863,sample,False,False,False,False,0,True
132,D11,182315,9483,0.04944264278042524,6783020,sample,True,True,True,True,3,False
132,D12,182097,1708,0.009292456679633307,6337401,sample,True,True,True,True,3,False
132,D2,167978,28109,0.14334963562092337,6628193,sample,True,True,True,True,3,False
132,D3,111362,21277,0.16041284991593724,5330503,sample,True,True,True,True,3,False
132,D4,8582,2,0.00023299161230195712,449429,sample,False,False,False,False,0,True
132,D5,187820,23013,0.1091527417434652,7316947,sample,True,True,True,True,3,False
132,D6,209875,1034,0.004902588320081173,6220870,sample,True,True,True,True,3,False
132,D7,287164,29946,0.09443410803822018,6591262,sample,True,True,True,True,3,False
132,D8,183212,13786,0.06998040589244561,6196012,sample,True,True,True,True,3,False
132,D9,151047,16690,0.09950100454878769,6101423,sample,True,True,True,True,3,False
132,E1,144416,17130,0.10603790870711748,6203054,sample,True,True,True,True,3,False
132,E10,11253,3,0.00026652452025586353,809784,sample,False,False,False,False,0,True
132,E11,149564,15799,0.09554132423819113,6344287,sample,True,True,True,True,3,False
132,E12,173301,6013,0.03353335489699633,6377822,sample,True,True,True,True,3,False
132,E2,153462,18839,0.1093377287421431,7031537,sample,True,True,True,True,3,False
132,E3,137605,20183,0.12791213527010925,6265450,sample,True,True,True,True,3,False
132,E4,11861,2,0.00016859141869678834,831867,sample,False,False,False,False,0,True
132,E5,154106,16901,0.09883221154689574,6718179,sample,True,True,True,True,3,False
132,E6,155860,30337,0.16292958533166485,6706314,sample,True,True,True,True,3,False
132,E7,141510,10474,0.06891514896304875,6213589,sample,True,True,True,True,3,False
132,E8,143851,24018,0.1430758508122405,5981016,sample,True,True,True,True,3,False
132,E9,157229,26458,0.14403850027492418,6946022,sample,True,True,True,True,3,False
132,F1,160551,21728,0.1192018828279725,7221784,sample,True,True,True,True,3,False
132,F10,10962,2,0.00018241517694272163,779390,sample,False,False,False,False,0,True
132,F11,169652,24051,0.12416431340763953,8138389,sample,True,True,True,True,3,False
132,F12,185170,8465,0.043716270302373024,7500408,sample,True,True,True,True,3,False
132,F2,160086,19148,0.1068324090295368,7956988,sample,True,True,True,True,3,False
132,F3,154110,23139,0.1305451652759677,7327937,sample,True,True,True,True,3,False
132,F4,23011,3,0.00013035543582167377,1518013,sample,True,False,False,False,0,True
132,F5,159917,31843,0.16605652899457654,7759761,sample,True,True,True,True,3,False
132,F6,176585,26726,0.1314537826285838,7726454,sample,True,True,True,True,3,False
132,F7,156795,4253,0.026408275793552233,6788937,sample,True,True,True,True,3,False
132,F8,163901,23076,0.1234162490573707,7009737,sample,True,True,True,True,3,False
132,F9,177398,22242,0.11141053897014626,7985826,sample,True,True,True,True,3,False
132,G1,152932,15645,0.09280625470853082,6476205,sample,True,True,True,True,3,False
132,G10,9423,2,0.00021220159151193635,762419,sample,False,False,False,False,0,True
132,G11,136500,16548,0.10812294182217344,5916218,sample,True,True,True,True,3,False
132,G12,168999,12172,0.06718514552549801,6669059,sample,True,True,True,True,3,False
132,G2,145935,15932,0.0984264859421624,6943243,sample,True,True,True,True,3,False
132,G3,90034,16210,0.1525733217875833,5527072,sample,True,True,True,True,3,False
132,G4,9367,3,0.00032017075773745996,799375,sample,False,False,False,False,0,True
132,G5,172104,14907,0.0797118886054831,7590469,sample,True,True,True,True,3,False
132,G6,170741,21180,0.11035790768076448,7002573,sample,True,True,True,True,3,False
132,G7,145558,15499,0.0962330106732399,6467329,sample,True,True,True,True,3,False
132,G8,170708,16992,0.09052743740010655,6424185,sample,True,True,True,True,3,False
132,G9,131576,18506,0.12330592609373542,6390644,sample,True,True,True,True,3,False
132,H1,136389,17346,0.11283052005073665,5471406,sample,True,True,True,True,3,False
132,H10,9314,2,0.00021468441391155003,629330,sample,False,False,False,False,0,True
132,H11,131399,14216,0.09762730487930502,5313274,sample,True,True,True,True,3,False
132,H12,152902,7153,0.04469088750741933,5718437,sample,True,True,True,True,3,False
132,H2,137738,17362,0.11194068343004514,5865859,sample,True,True,True,True,3,False
132,H3,141617,15867,0.10075309237763837,6128208,sample,True,True,True,True,3,False
132,H4,10347,2,0.00019325538699391245,799950,sample,False,False,False,False,0,True
132,H5,139752,16271,0.10428590656505772,5565452,sample,True,True,True,True,3,False
132,H6,147765,18052,0.10886700398632228,5667889,sample,True,True,True,True,3,False
132,H7,144783,9426,0.06112483707176624,6329182,sample,True,True,True,True,3,False
132,H8,143325,17868,0.11084848597643818,5682223,sample,True,True,True,True,3,False
132,H9,146358,14458,0.08990398965277087,5788207,sample,True,True,True,True,3,False
134,WATER-A2,37247,0,0.0,1035610,WATER,False,False,False,False,0,True
134,WATER-A7,39912,0,0.0,878340,WATER,False,False,False,False,0,True
134,s1-A1,26369,0,0.0,930599,sample,False,False,False,False,0,True
134,s1-A6,25597,0,0.0,836146,sample,False,False,False,False,0,True
134,s11-F1,37139,0,0.0,1187178,sample,False,False,False,False,0,True
134,s11-F6,38394,0,0.0,1209545,sample,False,False,False,False,0,True
134,s13-G1,88440,538,0.006046438445458428,9319243,sample,True,True,True,True,3,False
134,s13-G6,46213,597,0.012753685110019227,7358454,sample,True,True,True,True,3,False
134,s15-H1,153019,1100,0.007137341924097613,8511005,sample,True,True,True,True,3,False
134,s15-H6,133064,2040,0.015099478919943154,7134797,sample,True,True,True,True,3,False
134,s17-B2,232674,2897,0.01229777858904534,11571112,sample,True,True,True,True,3,False
134,s17-B7,265110,1630,0.006110819524630727,12162272,sample,True,True,True,True,3,False
134,s19-C2,264571,3891,0.014493671357585058,13874073,sample,True,True,True,True,3,False
134,s19-C7,270170,1110,0.004091713358891183,12458063,sample,True,True,True,True,3,False
134,s21-D2,76434,48,0.0006275986506629011,8410118,sample,True,True,False,False,1,True
134,s21-D7,57678,39,0.0006757107957794064,7243590,sample,True,True,False,False,1,True
134,s23-E2,102354,36,0.00035159683562847936,6335044,sample,True,True,False,False,1,True
134,s23-E7,115156,35,0.00030384318219305327,7141368,sample,True,True,False,False,1,True
134,s25-F2,91887,539,0.0058316923809317725,10644291,sample,True,True,True,True,3,False
134,s25-F7,108227,505,0.0046444468969576574,12376755,sample,True,True,True,True,3,False
134,s27-G2,219634,646,0.002932631196658798,11308883,sample,True,True,True,False,2,False
134,s27-G7,156421,534,0.00340224905227613,10416417,sample,True,True,True,True,3,False
134,s29-H2,174480,151,0.0008646803832080215,7746758,sample,True,True,False,False,1,True
134,s29-H7,220857,160,0.0007239262138206563,9811013,sample,True,True,False,False,1,True
134,s3-B1,29273,0,0.0,680976,sample,False,False,False,False,0,True
134,s3-B6,32942,0,0.0,1025731,sample,False,False,False,False,0,True
134,s31-A3,130662,0,0.0,7124897,sample,True,True,False,False,1,True
134,s31-A8,141284,0,0.0,8146511,sample,True,True,False,False,1,True
134,s33-B3,57859,8,0.00013824805156652324,2598593,sample,True,True,False,False,1,True
134,s33-B8,54195,28,0.0005163860354462129,2344436,sample,True,True,False,False,1,True
134,s35-C3,67547,7,0.00010362080705805725,3128253,sample,True,True,False,False,1,True
134,s35-C8,63371,3,4.7338025057594596e-05,2729844,sample,True,True,False,False,1,True
134,s37-D3,74657,373,0.004971344795415168,10198919,sample,True,True,True,True,3,False
134,s37-D8,90504,394,0.004334528812515127,11123260,sample,True,True,True,True,3,False
134,s39-E3,193998,2340,0.011918222656846866,10282370,sample,True,True,True,True,3,False
134,s39-E8,193708,773,0.00397468133133828,9815425,sample,True,True,True,True,3,False
134,s41-F3,274678,136,0.0004948801734991667,13187693,sample,True,True,False,False,1,True
134,s41-F8,272302,500,0.0018328311376016304,12795760,sample,True,True,True,False,2,False
134,s43-G3,224428,1000,0.0044360061749205955,11048220,sample,True,True,True,True,3,False
134,s43-G8,166285,1004,0.006001590062705856,8111166,sample,True,True,True,True,3,False
134,s45-H3,64621,69,0.0010666254444272685,8921885,sample,True,True,False,False,1,True
134,s45-H8,63474,48,0.0007556437139888542,9158720,sample,True,True,False,False,1,True
134,s47-A4,53697,29,0.0005397758999367159,9230139,sample,True,True,False,False,1,True
134,s47-A9,50315,24,0.0004767675162398935,8498787,sample,True,True,False,False,1,True
134,s49-B4,97967,363,0.0036916505644259126,11627993,sample,True,True,True,True,3,False
134,s49-B9,87138,353,0.004034700712073242,9370662,sample,True,True,True,True,3,False
134,s5-C1,33898,0,0.0,927747,sample,False,False,False,False,0,True
134,s5-C6,38220,0,0.0,1203436,sample,False,False,False,False,0,True
134,s51-C4,201374,318,0.0015766614441822184,13262953,sample,True,True,True,False,2,False
134,s51-C9,185518,578,0.003105923824262746,11067704,sample,True,True,True,False,2,False
134,s53-D4,199624,45,0.00022537299230226024,11033069,sample,True,True,False,False,1,True
134,s53-D9,216001,8,3.703549389145823e-05,10497101,sample,True,True,False,False,1,True
134,s55-E4,253066,209,0.0008251900108577633,10824056,sample,True,True,False,False,1,True
134,s55-E9,210813,15,7.114804485172748e-05,7647791,sample,True,True,False,False,1,True
134,s57-F4,66986,30,0.0004476542915124746,6633306,sample,True,True,False,False,1,True
134,s57-F9,62557,28,0.00044739154749540627,6184096,sample,True,True,False,False,1,True
134,s59-G4,76443,24,0.0003138608811644239,5781754,sample,True,True,False,False,1,True
134,s59-G9,80337,19,0.0002364478072577032,5080281,sample,True,True,False,False,1,True
134,s61-H4,51370,0,0.0,1055379,sample,False,False,False,False,0,True
134,s61-H9,50823,0,0.0,1102660,sample,False,False,False,False,0,True
134,s62-A10,53753,0,0.0,2622151,sample,True,True,False,False,1,True
134,s62-A5,53278,0,0.0,2611735,sample,True,True,False,False,1,True
134,s63-E1,339254,3,8.842853647824511e-06,7573208,sample,True,True,False,False,1,True
134,s63-E6,339735,3,8.83033396323049e-06,8764313,sample,True,True,False,False,1,True
134,s7-D1,35766,0,0.0,1733337,sample,True,True,False,False,1,True
134,s7-D6,20335,0,0.0,1060039,sample,False,False,False,False,0,True
135,NTC-F3,28013,55,0.001959526863331908,312043,NTC,False,False,False,False,0,True
135,s1-A1,73679,22,0.00029850341243673763,6528084,sample,True,True,False,False,1,True
135,s101-D7,46623,16,0.0003430605287420399,3945385,sample,True,True,False,False,1,True
135,s103-E7,108202,10399,0.08768054232257738,14251222,sample,True,True,True,True,3,False
135,s105-F7,21274,1297,0.057463116388285856,71657,sample,False,False,True,True,2,False
135,s107-G7,138642,15988,0.10339520144861929,16304480,sample,True,True,True,True,3,False
135,s109-H7,87268,6286,0.06719114094533639,8324919,sample,True,True,True,True,3,False
135,s11-F1,59400,1557,0.025542595600177173,5583828,sample,True,True,True,True,3,False
135,s111-A8,157593,6380,0.0389088447488306,17413207,sample,True,True,True,True,3,False
135,s113-B8,114391,3274,0.027824756724599498,13512373,sample,True,True,True,True,3,False
135,s115-C8,26515,37,0.0013934920156673696,720232,sample,False,False,False,False,0,True
135,s117-D8,42154,15,0.00035571154165382155,4077158,sample,True,True,False,False,1,True
135,s119-E8,38131,213,0.005554976006676403,4947258,sample,True,True,False,True,2,False
135,s121-F8,268187,12325,0.043937514259639515,17407751,sample,True,True,True,True,3,False
135,s122-G8,108355,5245,0.046170774647887325,9868805,sample,True,True,True,True,3,False
135,s13-G1,40645,1968,0.046183089667472366,3569570,sample,True,True,True,True,3,False
135,s15-H1,49038,4306,0.08072135572885424,3677533,sample,True,True,True,True,3,False
135,s17-A2,35892,672,0.018378733180177225,2829705,sample,True,True,True,True,3,False
135,s19-B2,98300,7334,0.06942840373364637,9547933,sample,True,True,True,True,3,False
135,s21-C2,96691,3,3.102570997166319e-05,8956386,sample,True,True,False,False,1,True
135,s23-D2,49684,2591,0.04956480153036825,5137479,sample,True,True,True,True,3,False
135,s25-E2,18453,288,0.015367376340643508,474508,sample,False,False,True,True,2,False
135,s27-F2,22578,75,0.0033108197589723216,529877,sample,False,False,False,True,1,True
135,s29-G2,50498,1891,0.03609536353051213,5807061,sample,True,True,True,True,3,False
135,s3-B1,41813,26,0.0006214297664858147,2578786,sample,True,True,False,False,1,True
135,s31-H2,98896,7738,0.07256597332933211,12446245,sample,True,True,True,True,3,False
135,s33-A3,148892,16967,0.10229773482295203,15961522,sample,True,True,True,True,3,False
135,s35-B3,133547,14528,0.0981124430187405,13322538,sample,True,True,True,True,3,False
135,s37-C3,128694,6166,0.04572148895150527,15600598,sample,True,True,True,True,3,False
135,s39-D3,100153,5176,0.0491412621405311,14013326,sample,True,True,True,True,3,False
135,s41-E3,75608,16130,0.17582681113606138,10590924,sample,True,True,True,True,3,False
135,s43-G3,26813,66,0.0024554484913873282,2709741,sample,True,True,False,False,1,True
135,s45-H3,24720,7,0.0002830913576252679,1975612,sample,True,True,False,False,1,True
135,s47-A4,39613,794,0.019650060633058627,4039073,sample,True,True,True,True,3,False
135,s49-B4,29023,0,0.0,736931,sample,False,False,False,False,0,True
135,s5-C1,45240,3027,0.06271365529243583,4089865,sample,True,True,True,True,3,False
135,s51-C4,22994,444,0.018943595869954775,573488,sample,False,False,True,True,2,False
135,s53-D4,22905,9,0.00039277297721916735,688901,sample,False,False,False,False,0,True
135,s55-E4,86510,2396,0.02694981216115898,10932836,sample,True,True,True,True,3,False
135,s57-F4,194988,9043,0.0443216962128304,17749832,sample,True,True,True,True,3,False
135,s59-G4,111287,4448,0.03843262625826241,17707093,sample,True,True,True,True,3,False
135,s61-H4,126773,7123,0.053198004421341934,14690535,sample,True,True,True,True,3,False
135,s63-A5,122758,8422,0.0642018600396402,16528349,sample,True,True,True,True,3,False
135,s65-B5,77625,3910,0.047954866008462625,8068971,sample,True,True,True,True,3,False
135,s67-C5,24839,937,0.036351644941030416,1559003,sample,True,False,True,True,2,False
135,s69-D5,38957,18,0.00046183450930083387,4536399,sample,True,True,False,False,1,True
135,s7-D1,45639,1130,0.024161303427484015,4984550,sample,True,True,True,True,3,False
135,s71-E5,14863,314,0.020689200764314422,408095,sample,False,False,True,True,2,False
135,s73-F5,31375,0,0.0,1543756,sample,True,False,False,False,0,True
135,s75-G5,22349,0,0.0,965140,sample,False,False,False,False,0,True
135,s77-H5,18490,20,0.0010804970286331713,904184,sample,False,False,False,False,0,True
135,s79-A6,131599,14774,0.10093391540789627,15780649,sample,True,True,True,True,3,False
135,s81-B6,138022,21035,0.13224818775659042,12634686,sample,True,True,True,True,3,False
135,s83-C6,144296,10783,0.0695323028907847,12542538,sample,True,True,True,True,3,False
135,s85-D6,132419,5258,0.03819083797584201,12755506,sample,True,True,True,True,3,False
135,s87-E6,104835,28224,0.21211642955380697,11594857,sample,True,True,True,True,3,False
135,s89-F6,121283,7644,0.05928936529974327,13753734,sample,True,True,True,True,3,False
135,s9-E1,27669,574,0.02032362001203838,2267423,sample,True,True,True,True,3,False
135,s91-G6,59055,2837,0.04583791120015511,4952925,sample,True,True,True,True,3,False
135,s93-H6,27283,6,0.00021986881160907326,475155,sample,False,False,False,False,0,True
135,s95-A7,43101,4522,0.09495411880813892,10695363,sample,True,True,True,True,3,False
135,s97-B7,24979,1911,0.07106731126812942,862817,sample,False,False,True,True,2,False
135,s99-C7,25480,16,0.0006275494195167869,1302080,sample,False,False,False,False,0,True
138,NTC-H3,41005,39,0.0009501997855959458,687536,NTC,False,False,False,False,0,True
138,WATER-B3,107292,0,0.0,1417130,WATER,False,False,False,False,0,True
138,WATER-C6,57570,177,0.0030650942906124993,1403910,WATER,False,False,False,False,0,True
138,WATER-D2,82018,192,0.0023354823014231844,1239860,WATER,False,False,False,False,0,True
138,WATER-F9,74872,1,1.3355949407663643e-05,1546564,WATER,True,False,False,False,0,True
138,s1-A1,64304,47,0.0007303693804292086,1046441,sample,False,False,False,False,0,True
138,s1-A12,509511,17878,0.033899076393326365,11251202,sample,True,True,True,True,3,False
138,s100-E2,110199,2427,0.02154919823131426,6844743,sample,True,True,True,True,3,False
138,s101-E3,42920,249,0.005768027983043387,1113915,sample,False,False,True,True,2,False
138,s102-E4,47660,37,0.0007757301297775541,1716216,sample,True,True,False,False,1,True
138,s103-E5,29727,427,0.014160642037540624,1114541,sample,False,False,True,True,2,False
138,s104-E6,59263,179,0.0030113387840247636,9587352,sample,True,True,False,False,1,True
138,s105-E7,33363,768,0.022501538191087283,6243348,sample,True,True,True,True,3,False
138,s106-E8,30599,211,0.006848425835767608,1561606,sample,True,False,False,True,1,True
138,s107-E9,175955,13115,0.06936584333844607,16350214,sample,True,True,True,True,3,False
138,s108-E10,192629,6299,0.03166472291482345,15564083,sample,True,True,True,True,3,False
138,s109-F1,480314,96400,0.1671539099102848,18281008,sample,True,True,True,True,3,False
138,s11-F1,404995,658,0.0016220760107776844,31245903,sample,True,True,True,False,2,False
138,s110-F2,295052,76830,0.20659779177265908,16252868,sample,True,True,True,True,3,False
138,s111-F3,315295,34112,0.09762826732149041,14577411,sample,True,True,True,True,3,False
138,s112-F4,223606,1420,0.006310381911423569,14362711,sample,True,True,True,True,3,False
138,s113-F5,156776,1977,0.012453307968983264,14111918,sample,True,True,True,True,3,False
138,s114-F6,99332,1282,0.012741765559464886,19215217,sample,True,True,True,True,3,False
138,s115-F7,59499,332,0.005548962912202704,13163027,sample,True,True,True,True,3,False
138,s116-F8,101109,815,0.007996153997095875,16542550,sample,True,True,True,True,3,False
138,s117-F10,254958,15106,0.05593488950767225,17956488,sample,True,True,True,True,3,False
138,s118-F11,228017,14111,0.0582790920504857,14528380,sample,True,True,True,True,3,False
138,s119-G1,159350,1111,0.006923800798948031,4899420,sample,True,True,True,True,3,False
138,s120-G2,290205,14673,0.04812744770039163,14577101,sample,True,True,True,True,3,False
138,s121-G3,307585,7423,0.02356448090207233,13761595,sample,True,True,True,True,3,False
138,s122-G4,216991,11394,0.04988944107537711,15988383,sample,True,True,True,True,3,False
138,s123-G5,138749,1051,0.007517882689556509,13522663,sample,True,True,True,True,3,False
138,s124-G6,72734,2376,0.03163360404739715,15462865,sample,True,True,True,True,3,False
138,s125-G7,49986,115,0.0022953633660006785,9498495,sample,True,True,False,False,1,True
138,s126-G8,90096,1848,0.020099190811798485,17709141,sample,True,True,True,True,3,False
138,s127-G9,242971,15569,0.06021892163688404,18400637,sample,True,True,True,True,3,False
138,s128-G10,229802,16899,0.06849992501043774,16145631,sample,True,True,True,True,3,False
138,s13-G1,269514,10321,0.03688244858577376,39917812,sample,True,True,True,True,3,False
138,s15-H1,203853,698,0.0034123519317920716,29837285,sample,True,True,True,True,3,False
138,s17-A2,520522,9584,0.018079402987327062,39408319,sample,True,True,True,True,3,False
138,s19-A1,268131,41828,0.13494688007123523,10107707,sample,True,True,True,True,3,False
138,s19-B2,266731,7191,0.02625199874416805,26873282,sample,True,True,True,True,3,False
138,s2-B12,545079,3344,0.006097483147132779,18137736,sample,True,True,True,True,3,False
138,s20-A2,159423,9810,0.0579674177022212,9136493,sample,True,True,True,True,3,False
138,s21-A3,112343,1474,0.012950613704455398,5240627,sample,True,True,True,True,3,False
138,s21-C2,517597,11070,0.02093945716301566,38511864,sample,True,True,True,True,3,False
138,s22-A4,74311,547,0.00730716823853162,1914817,sample,True,True,True,True,3,False
138,s23-A5,46761,24,0.0005129849310676499,995903,sample,False,False,False,False,0,True
138,s23-D2,451237,3780,0.008307381921994123,35752228,sample,True,True,True,True,3,False
138,s24-A6,43640,7,0.00016037757463284992,1133531,sample,False,False,False,False,0,True
138,s25-A7,36903,455,0.012179452861502222,1958626,sample,True,True,True,True,3,False
138,s25-E2,136305,2666,0.019183858502853115,11117375,sample,True,True,True,True,3,False
138,s26-A8,65018,4,6.151764018332257e-05,1295051,sample,False,False,False,False,0,True
138,s27-A9,189045,4299,0.022234980139026812,9730842,sample,True,True,True,True,3,False
138,s27-F2,267938,12928,0.04602906724203001,36593045,sample,True,True,True,True,3,False
138,s28-A10,179596,26985,0.13062672753060542,9106302,sample,True,True,True,True,3,False
138,s29-B1,455018,69631,0.13271920846127602,15121109,sample,True,True,True,True,3,False
138,s29-G2,359597,27074,0.07001818083073207,33826940,sample,True,True,True,True,3,False
138,s3-B1,36255,97,0.0026683538732394365,1032140,sample,False,False,False,False,0,True
138,s3-C12,92350,0,0.0,2325496,sample,True,True,False,False,1,True
138,s30-B2,282770,31236,0.09947580619478609,14061555,sample,True,True,True,True,3,False
138,s31-B4,333776,23970,0.06700284559436025,15200949,sample,True,True,True,True,3,False
138,s31-H2,146634,1673,0.011280654318407088,13726253,sample,True,True,True,True,3,False
138,s32-B5,217217,18093,0.07689005992095534,15951796,sample,True,True,True,True,3,False
138,s33-A3,410550,7051,0.016884538111738238,33820234,sample,True,True,True,True,3,False
138,s33-B6,172647,1912,0.0109533166436563,15437351,sample,True,True,True,True,3,False
138,s34-B7,83094,546,0.006527977044476327,9493221,sample,True,True,True,True,3,False
138,s35-B3,119627,2337,0.019161391886130332,11839991,sample,True,True,True,True,3,False
138,s35-B8,135635,1228,0.008972476125760798,17846606,sample,True,True,True,True,3,False
138,s36-B9,112913,11,9.741064786936347e-05,8560805,sample,True,True,False,False,1,True
138,s37-B10,292803,15217,0.04940263619245504,17800698,sample,True,True,True,True,3,False
138,s37-C3,254207,1545,0.006041008476962057,37994480,sample,True,True,True,True,3,False
138,s38-B11,320882,14760,0.043975426198151604,20247855,sample,True,True,True,True,3,False
138,s39-C1,417686,78363,0.15797431302149587,16146891,sample,True,True,True,True,3,False
138,s39-D3,202182,941,0.004632660998508293,35436329,sample,True,True,True,True,3,False
138,s4-D12,142502,17,0.0001192823413018615,5429723,sample,True,True,False,False,1,True
138,s40-C2,278721,27127,0.08869438413852633,14391133,sample,True,True,True,True,3,False
138,s41-C3,333376,4160,0.012324611300720515,14768397,sample,True,True,True,True,3,False
138,s41-E3,410635,3776,0.009111727246622315,31694205,sample,True,True,True,True,3,False
138,s42-C4,249202,16432,0.06185955111167998,18625406,sample,True,True,True,True,3,False
138,s43-C5,156954,1923,0.01210370286448007,15614195,sample,True,True,True,True,3,False
138,s43-F3,428738,10669,0.02428045069832752,38718546,sample,True,True,True,True,3,False
138,s44-C7,71161,617,0.00859594861935412,9949508,sample,True,True,True,True,3,False
138,s45-C8,117234,1725,0.014500794391344917,19461203,sample,True,True,True,True,3,False
138,s45-G3,318981,11257,0.034087536867350214,32684697,sample,True,True,True,True,3,False
138,s46-C9,101500,966,0.009427517420412625,17024529,sample,True,True,True,True,3,False
138,s47-A4,578719,6855,0.011706462377086415,39393335,sample,True,True,True,True,3,False
138,s47-C10,253044,15643,0.05822015951646339,17134633,sample,True,True,True,True,3,False
138,s48-C11,304332,14729,0.04616358627347122,20986821,sample,True,True,True,True,3,False
138,s49-B4,150916,346,0.002287421824384181,24104510,sample,True,True,True,False,2,False
138,s49-D1,505052,76865,0.13208928421063484,19332238,sample,True,True,True,True,3,False
138,s5-C1,216296,2624,0.011986113648821487,15656386,sample,True,True,True,True,3,False
138,s5-E12,33768,254,0.007465757451061078,761728,sample,False,False,True,True,2,False
138,s50-D3,317383,69602,0.17985710040440844,16641845,sample,True,True,True,True,3,False
138,s51-C4,292379,888,0.003027957458561652,36187928,sample,True,True,True,False,2,False
138,s51-D4,323323,10175,0.030509928095520812,16933371,sample,True,True,True,True,3,False
138,s52-D5,213664,15509,0.0676737661068276,17862942,sample,True,True,True,True,3,False
138,s53-D4,510140,4016,0.00781085896109352,35878625,sample,True,True,True,True,3,False
138,s53-D6,169296,3100,0.01798185572751108,18435801,sample,True,True,True,True,3,False
138,s54-D7,76819,1086,0.013940055195430331,12440784,sample,True,True,True,True,3,False
138,s55-D8,116313,137,0.001176470588235294,18756699,sample,True,True,False,False,1,True
138,s55-E4,355461,1564,0.0043806456130523076,30234995,sample,True,True,True,True,3,False
138,s56-D9,98850,487,0.004902503598860445,14433845,sample,True,True,True,True,3,False
138,s57-D10,271594,17765,0.06139432331463684,18326252,sample,True,True,True,True,3,False
138,s57-F4,478045,6889,0.014206056906713078,37078274,sample,True,True,True,True,3,False
138,s58-D11,300731,14957,0.04737905780390766,21550608,sample,True,True,True,True,3,False
138,s59-G4,366761,9667,0.02568087389885981,31815869,sample,True,True,True,True,3,False
138,s6-F12,67504,27,0.00039981638062519434,1230449,sample,False,False,False,False,0,True
138,s61-H4,115957,18,0.0001552058633326148,13625101,sample,True,True,False,False,1,True
138,s62-A6,29198,86,0.002936757273596503,989205,sample,False,False,False,False,0,True
138,s63-B5,55223,0,0.0,4164085,sample,True,True,False,False,1,True
138,s64-C5,147195,8,5.434671847720495e-05,14718062,sample,True,True,False,False,1,True
138,s65-D6,463567,1283,0.002760030117242121,34906360,sample,True,True,True,False,2,False
138,s66-E5,320326,2,6.2436003096825756e-06,27639596,sample,True,True,False,False,1,True
138,s7-D1,92604,568,0.006096252092903447,2574356,sample,True,True,True,True,3,False
138,s7-G12,70499,922,0.012909368393049663,1763496,sample,True,True,True,True,3,False
138,s8-H12,17575,293,0.01639802999776136,730970,sample,False,False,True,True,2,False
138,s9-E1,378894,4720,0.012304034784966137,30829640,sample,True,True,True,True,3,False
138,s9-H11,156263,14946,0.08729681266755837,11844129,sample,True,True,True,True,3,False
138,s99-E1,61145,378,0.006144043690977358,1251110,sample,False,False,True,True,2,False
